<?xml version="1.0" encoding="UTF-8" standalone="yes"?>
<addon id="addon.repo.homo" name="Fussball" version="4.1" provider-name="Elsasslot">.
    <extension point="xbmc.addon.repository" name="Example Repository">
        <dir>
            <info compressed="false">https://raw.githubusercontent.com/EliasTX09/repo/main/repo/zips/addons.xml</info>
            <checksum>https://raw.githubusercontent.com/EliasTX09/repo/main/repo/zips/addons.xml.md5</checksum>
            <datadir zip="true">https://raw.githubusercontent.com/EliasTX09/repo/main/repo/zips/</datadir>
        </dir>
    </extension>
    <extension point="xbmc.addon.metadata">
        <summary>Fussball</summary>
        <description>Seestern</description>
        <disclaimer></disclaimer>
        <platform>all</platform>
        <assets>
            <icon>icon.png</icon>
            <fanart>fanart.jpg</fanart>
        </assets>
    </extension>
</addon>