<?xml version="2.0" encoding="UTF-8"?>
<addon id="plugin.video.bundesliga" name="Fussball" version="1.2" provider-name="Elias">
    <requires>
        <import addon="xbmc.python" version="3.0.0"/>
        <import addon="script.module.requests" />
        <import addon="script.module.beautifulsoup4" />
        <import addon="script.module.dateutil" />
        <import addon="script.module.soupsieve" />
        <import addon="script.module.pyairtable" />
        <import addon="script.module.pyamf" />
        <import addon="script.module.pycryptodome" optional="true" />
        <import addon="script.module.pyjsparser" />
    </requires>

    <extension point="xbmc.python.pluginsource" library="default.py">
        <provides>video</provides>
    </extension>

    <extension point="xbmc.addon.metadata">
        <platform>all</platform>
        <summary lang="en">Fussball</summary>
        <description lang="en">Fussball</description>
        <disclaimer lang="en"></disclaimer>
        <license>MIT</license>
        <assets>
            <icon>icon1.png</icon>
        </assets>
    </extension>
</addon>
